tmdb_id,title,content_type,overview,tmdb_genres,runtime,platform,release_date,poster_url,source
496243,기생충,MOVIE,"전원 백수로 살 길 막막하지만 사이는 좋은 기택 가족. 장남 기우에게 명문대생 친구가 연결시켜 준 고액 과외 자리는 모처럼 싹튼 고정수입의 희망이다. 온 가족의 도움과 기대 속에 박 사장 집으로 향하는 기우. 글로벌 IT기업의 CEO인 박 사장의 저택에 도착하자 젊고 아름다운 사모님 연교와 가정부 문광이 기우를 맞이한다. 큰 문제 없이 박 사장의 딸 다혜의 과외를 시작한 기우. 그러나 이렇게 시작된 두 가족의 만남 뒤로, 걷잡을 수 없는 사건이 기다리고  있는데.....","[{""id"": 35, ""name"": ""코미디""}, {""id"": 53, ""name"": ""스릴러""}, {""id"": 18, ""name"": ""드라마""}]",131,"Netflix, Watcha, Netflix Standard with Ads, TVING, wavve, Google Play Movies",2019-05-30,https://image.tmdb.org/t/p/w500/jjHccoFjbqlfr4VGLVLT7yek0Xn.jpg,TMDB
290098,아가씨,MOVIE,"어릴 적 부모를 잃고 후견인 이모부의 보호 아래 살아가는 귀족 아가씨에게 백작이 추천한 새로운 하녀가 찾아온다. 이모부의 서재에서 책을 읽는 것이 일상의 전부인 아가씨는  순박해 보이는 하녀에게 조금씩 의지하기 시작한다. 하지만 하녀의 정체는 유명한 여도둑의 딸인 소매치기 고아 소녀 숙희. 막대한 재산을 상속받게 될 아가씨를 유혹하여 돈을 가로채겠다는 사기꾼 백작의 제안을 받고  아가씨가 백작을 사랑하게 만들기 위해 하녀가 된 것. 드디어 백작이 등장하고, 백작과 숙희는 자신만의 방식으로 아가씨의 마음을 흔들기 시작하는데...","[{""id"": 53, ""name"": ""스릴러""}, {""id"": 18, ""name"": ""드라마""}, {""id"": 10749, ""name"": ""로맨스""}]",144,"Netflix, FilmBox+, Netflix Standard with Ads, TVING, wavve",2016-06-01,https://image.tmdb.org/t/p/w500/pDogzUCSBy0m4ybLKUv3OtGMRNm.jpg,TMDB
1268127,휴민트,MOVIE,"러시아에서 마약 조직을 추적하던 남한 요원. 북한 요원과 정면충돌하면서, 두 사람은 거대한 위험과 거미줄처럼 얽힌 음모에 휘말린다.","[{""id"": 53, ""name"": ""스릴러""}, {""id"": 28, ""name"": ""액션""}, {""id"": 18, ""name"": ""드라마""}]",120,"Netflix, Netflix Standard with Ads",2026-02-11,https://image.tmdb.org/t/p/w500/f7sCSLEPRfV2fWQ0RYOtHhnHXuG.jpg,TMDB
255709,소원,MOVIE,"어느 비 오는 아침, 학교를 가던 9살 소녀 소원은 술에 취한 아저씨에게 끌려가 믿고 싶지 않은 사고를 당한다. 이 일로 몸과 마음에 지울 수 없는 상처를 받은 소원이네 가족. 하지만 절망 끝에서 희망을 찾아 나서는데...","[{""id"": 18, ""name"": ""드라마""}]",123,"Netflix, wavve, Watcha, Netflix Standard with Ads, TVING, Google Play Movies",2013-10-02,https://image.tmdb.org/t/p/w500/PZlNvDwKwHeHUsXnd6SEDXWZNn.jpg,TMDB
851644,20세기 소녀,MOVIE,"보라의 둘도 없는 친구 연두는 심장 수술을 위해 미국에 가면서 자신이 좋아하는 남자 백현진에 대한 모든 정보를 수집해 달라고 보라에게 부탁한다. 보라는 백현진의 가장 친한 친구 풍운호와 먼저 친해지기로 한다. 하지만 보라의 서투른 계획은 예상치 못한 방향으로 전개된다. 새로운 세기가 오기 1년 전인 1999년, 17세가 된 보라는 첫사랑의 열병에 빠진다.","[{""id"": 10749, ""name"": ""로맨스""}, {""id"": 18, ""name"": ""드라마""}]",119,"Netflix, Netflix Standard with Ads",2022-10-06,https://image.tmdb.org/t/p/w500/rSNtRQpCsDckczokmynAcVAt4Fm.jpg,TMDB
110415,설국열차,MOVIE,"기상 이변으로 모든 것이 꽁꽁 얼어붙은 지구, 살아남은 사람들을 태운 기차 한 대가 끝없이 궤도를 달리고 있다. 춥고 배고픈 사람들이 바글대는 빈민굴 같은 꼬리칸, 그리고 선택된 사람들이 술과 마약까지 즐기며 호화로운 객실을 뒹굴고 있는 앞쪽칸. 열차 안의 세상은 결코 평등하지 않다. 기차가 달리기 시작한 17년째, 꼬리칸의 젊은 지도자 커티스는 긴 세월 준비해 온 폭동을 일으킨다. 기차의 심장인 엔진을 장악하고 기차 전체를 해방시키기 위해 절대권력자 윌포드가 도사리고 있는 엔진 칸을 향해 질주하는 커티스와 꼬리칸 사람들. 그들 앞에 예기치 못한 상황들이 기다리고 있는데...","[{""id"": 28, ""name"": ""액션""}, {""id"": 878, ""name"": ""SF""}, {""id"": 18, ""name"": ""드라마""}]",127,"Netflix, Watcha, Netflix Standard with Ads, TVING, wavve",2013-08-01,https://image.tmdb.org/t/p/w500/jw66dQvYyXkZNA0bJ7nKvua9jDr.jpg,TMDB
982843,대홍수,MOVIE,대홍수가 덮친 지구 종말의 날. 물에 잠겨가는 아파트에 갇힌 연구원과 어린 아들이 탈출을 시도한다. 그 순간 도착한 중대 임무. 그녀는 인류의 운명이 걸린 과제를 끝까지 완수할 수 있을까.,"[{""id"": 878, ""name"": ""SF""}, {""id"": 12, ""name"": ""모험""}, {""id"": 18, ""name"": ""드라마""}]",107,"Netflix, Netflix Standard with Ads",2025-09-18,https://image.tmdb.org/t/p/w500/8SQWFPE6UhNGIMDimAOOg4T5Hem.jpg,TMDB
639988,어쩔수가없다,MOVIE,"다 이루었다는 생각이 들 만큼 삶에 만족하던 25년 경력의 제지 전문가 만수. 아내 미리, 두 아이, 반려견들과 함께 행복한 일상을 보내던 만수는 회사로부터 돌연 해고 통보를 받는다. 목이 잘려 나가는 듯한 충격에 괴로워하던 만수는, 가족을 위해 석 달 안에 반드시 재취업하겠다고 다짐한다. 그 다짐이 무색하게도, 그는 1년 넘게 마트에서 일하며 면접장을 전전하고, 급기야 어렵게 장만한 집마저 빼앗길 위기에 처한다. 무작정 문 제지를 찾아가 필사적으로 이력서를 내밀지만, 선출 반장 앞에서 굴욕만 당한다. 문 제지의 자리는 누구보다 자신이 제격이라고 확신한 만수는 모종의 결심을 한다.","[{""id"": 35, ""name"": ""코미디""}, {""id"": 80, ""name"": ""범죄""}, {""id"": 53, ""name"": ""스릴러""}]",139,"Netflix, Netflix Standard with Ads, TVING",2025-09-24,https://image.tmdb.org/t/p/w500/9w7WGjQes0Cs0s4U3Qr09Tg1Sra.jpg,TMDB
955555,범죄도시 3,MOVIE,"베트남 납치 살해범 검거 후 7년 뒤, 마석도는 새로운 팀원들과 함께 살인사건을 조사한다. 사건 조사 중 마석도는 신종 마약 사건이 연루되었음을 알게 되고 수사를 확대한다. 한편 마약 사건의 배후인 주성철은 계속해서 판을 키워가고, 약을 유통하던 일본 조직과 리키까지 한국에 들어오며 사건의 규모는 점점 더 커져가는데...","[{""id"": 28, ""name"": ""액션""}, {""id"": 80, ""name"": ""범죄""}, {""id"": 35, ""name"": ""코미디""}, {""id"": 53, ""name"": ""스릴러""}]",105,"Disney Plus, wavve, Google Play Movies",2023-05-31,https://image.tmdb.org/t/p/w500/kPtNokhBtgwSp3MHaR3X4O0SPbF.jpg,TMDB
1451344,남편들,MOVIE,"전남편 X 현 남편, 납치된 아내를 구하라! 성격도 직업도 너무 다른 두 남편이 아내를 구하겠다는 일념 하나로 얼떨결에 손을 잡는다. 두 남자의 예측 불가 공조 케미가 돋보이는 코믹 액션 영화.","[{""id"": 35, ""name"": ""코미디""}, {""id"": 28, ""name"": ""액션""}]",110,"Netflix, Netflix Standard with Ads",2026-06-15,https://image.tmdb.org/t/p/w500/A01Ca3GfoUZ192ebgHHj6MYOG35.jpg,TMDB
1017163,범죄도시 4,MOVIE,"신종 마약 사건 3년 뒤, 괴물형사 마석도와 서울 광수대는 배달앱을 이용한 마약 판매 사건을 수사하던 중 수배 중인 앱 개발자가 필리핀에서 사망한 사건이 대규모 온라인 불법 도박 조직과 연관되어 있음을 알아낸다. 필리핀에 거점을 두고 납치, 감금, 폭행, 살인 등으로 대한민국 온라인 불법 도박 시장을 장악한 특수부대 용병 출신의 빌런 백창기와 한국에서 더 큰 판을 짜고 있는 IT업계 천재 CEO 장동철. 마석도는 더 커진 판을 잡기 위해 장이수에게 뜻밖의 협력을 제안하고 광역수사대는 물론, 사이버수사대까지 합류해 범죄를 소탕하기 시작하는데…","[{""id"": 28, ""name"": ""액션""}, {""id"": 80, ""name"": ""범죄""}, {""id"": 53, ""name"": ""스릴러""}, {""id"": 35, ""name"": ""코미디""}]",109,"Disney Plus, wavve, Google Play Movies",2024-04-24,https://image.tmdb.org/t/p/w500/jucHQwnRSma1O9V2bM007e4eSd7.jpg,TMDB
1355666,고백의 역사,MOVIE,"사랑에 빠진 10대 소녀, 학교 최고 인기남의 마음을 얻기 위해 곱슬머리를 생머리로 바꾸기로 결심한다.","[{""id"": 10749, ""name"": ""로맨스""}, {""id"": 18, ""name"": ""드라마""}, {""id"": 35, ""name"": ""코미디""}]",121,"Netflix, Netflix Standard with Ads",2025-08-28,https://image.tmdb.org/t/p/w500/hOi5K1tx8aAZN239VU1qzvyao87.jpg,TMDB
897160,용감한 시민,MOVIE,"불의는 못 본 척, 성질은 없는 척, 주먹은 약한 척 먹고 살기 위해 조용히 살아 온 기간제 교사 소시민. 법도 경찰도 무서울 것 하나 없는 안하무인 절대권력 한수강의 선을 넘는 행동을 목격하게 된다. 그의 계속되는 악행을 도저히 참을 수 없었던 그녀, 정체를 숨긴 채 통쾌한 한 방을 날리기로 마음 먹는데…","[{""id"": 28, ""name"": ""액션""}, {""id"": 18, ""name"": ""드라마""}, {""id"": 35, ""name"": ""코미디""}]",112,"wavve, Google Play Movies",2023-10-25,https://image.tmdb.org/t/p/w500/oVJDtwC41sGx5zmWiEkhqwBlopD.jpg,TMDB
705996,헤어질 결심,MOVIE,"산 정상에서 추락한 한 남자의 변사 사건. 담당 형사 해준은 사망자의 아내 서래와 마주하게 된다. 남편의 죽음 앞에서 특별한 동요를 보이지 않는 서래. 경찰은 보통의 유가족과는 다른 서래를 용의선상에 올린다. 해준은 사건 당일의 알리바이 탐문과 신문, 잠복수사를 통해 서래를 알아가면서 그녀에 대한 관심이 점점 커져가는 것을 느낀다. 한편 좀처럼 속을 짐작하기 어려운 서래는 상대가 자신을 의심한다는 것을 알면서도 조금의 망설임도 없이 해준을 대하는데...","[{""id"": 53, ""name"": ""스릴러""}, {""id"": 9648, ""name"": ""미스터리""}, {""id"": 10749, ""name"": ""로맨스""}]",138,"Netflix, Watcha, Netflix Standard with Ads, TVING, wavve, Google Play Movies",2022-06-29,https://image.tmdb.org/t/p/w500/rXEJ28XDQsogIGqwVEgwM2oDdpl.jpg,TMDB
1466115,"오늘 밤, 세계에서 이 사랑이 사라진다 해도",MOVIE,하루가 지나면 모든 기억이 사라지는 특별한 여고생. 그녀 앞에 조용하고 다정한 같은 반 남학생이 나타난다. 매일이 첫날처럼 새로운 그들의 사랑은 과연 피어날 수 있을까?,"[{""id"": 10749, ""name"": ""로맨스""}, {""id"": 18, ""name"": ""드라마""}]",106,"Netflix, Netflix Standard with Ads",2025-12-24,https://image.tmdb.org/t/p/w500/bMA6E5cu1QUMehjBZOjWjqQjhey.jpg,TMDB
118451,은교,MOVIE,"한적한 산 속, 제자이자 이적요를 아버지처럼 모시는 소설가 서지우만이 드나드는 노시인 이적요의 집에 어느 날 우연히 여고생 은교가 나타난다. 집안일을 돕게 된 은교가 맑은 웃음소리를 내고, 이적요는 그녀의 젊고 순수하면서도 관능미를 갖고 있는 싱그러운 육체에 매료된다. 한편 스승을 존경하는 한편 손에 잡히지 않는 스승의 재능과 소녀 은교를 향한 질투심으로 갈등하는 제자의 열패감도 소리없이 늘어가며, 질투와 매혹으로 뒤얽힌 세 사람의 숨겨진 이야기가 펼쳐지는데...","[{""id"": 18, ""name"": ""드라마""}, {""id"": 10749, ""name"": ""로맨스""}]",129,"Netflix, wavve, Netflix Standard with Ads, TVING, Google Play Movies",2012-04-25,https://image.tmdb.org/t/p/w500/tyT8i7zOfMvge8cOoYin0wLSHeL.jpg,TMDB
486589,레드슈즈,MOVIE,"사건 사고가 끊이지 않는 동화의 섬. 사라진 아빠를 찾던 화이트 왕국의 공주는 우연히 마법구두를 신고 이전과 완벽하게 다른 ‘레드슈즈’로 거듭난다. 한편, 초록색 난쟁이가 된 일곱 왕자들은 우연히 자신들의 집에 머물게 된 '레드슈즈’가 저주를 풀 유일한 희망이라 생각해 그녀를 돕기 시작하고, 영원한 아름다움을 꿈꾸는 왕비 ‘레지나’는 마법구두를 신고 성을 빠져나간 ‘레드슈즈’를 쫓기 시작하는데…","[{""id"": 16, ""name"": ""애니메이션""}, {""id"": 14, ""name"": ""판타지""}, {""id"": 10751, ""name"": ""가족""}, {""id"": 35, ""name"": ""코미디""}, {""id"": 10749, ""name"": ""로맨스""}, {""id"": 12, ""name"": ""모험""}]",92,Google Play Movies,2019-07-25,https://image.tmdb.org/t/p/w500/3yZ54uGQ4HxEbpNVO565mU1xagp.jpg,TMDB
437068,택시운전사,MOVIE,"택시운전사 만섭은 아내를 여의고 11살 딸을 키우며 어렵게 살림을 꾸리는 가장. 외국손님을 태우고 광주에 갔다 통금 전에 돌아오면 밀린 월세를 갚을 수 있는 거금 10만원을 준다는 말에  독일기자 피터를 태우고 영문도 모른 채 길을 나선다. 피터는 독일 공영방송 소속 기자로, 일본에서 ‘광주가 심상치 않다’는 말을 듣고 광주로 향한다. 어떻게든 택시비를 받아야 하는 만섭의 기지로 검문을 뚫고 겨우 들어선 광주. 위험하니 서울로 돌아가자는 만섭의 만류에도 피터는 대학생 재식과 황기사의 도움 속에 촬영을 시작하는데...","[{""id"": 18, ""name"": ""드라마""}, {""id"": 36, ""name"": ""역사""}]",137,"Netflix, wavve, Watcha, Netflix Standard with Ads, TVING, Google Play Movies",2017-08-02,https://image.tmdb.org/t/p/w500/pCdx7X5JLaSJZLNVtpryGSdjvvB.jpg,TMDB
919207,서울의 봄,MOVIE,"박 대통령의 암살 이후, 계엄령이 선포된다. 국군보안사령관 전두광과 그를 따르는 장교들에 의해 쿠데타가 일어나고 군대가 정치적 행동을 해선 안된다고 믿는 완고한 군인인, 수도방위사령관 이태신은 전두광을 막기 위해 그와 맞서기로 한다. 그들의 갈등이 점차 심화되고, 대혼란 속에서 모두가 갈망하던 서울의 봄은 예상치 못한 방향으로 흘러간다.","[{""id"": 18, ""name"": ""드라마""}, {""id"": 53, ""name"": ""스릴러""}, {""id"": 28, ""name"": ""액션""}, {""id"": 10752, ""name"": ""전쟁""}, {""id"": 36, ""name"": ""역사""}, {""id"": 80, ""name"": ""범죄""}]",141,"Netflix, Netflix Standard with Ads, wavve",2023-11-22,https://image.tmdb.org/t/p/w500/ukVVnY9ovwl78WE5KndcpA6SnAm.jpg,TMDB
94047,마이웨이,MOVIE,"1938년 경성. 제 2의 손기정을 꿈꾸는 조선청년 준식과 일본 최고의 마라톤 대표선수 타츠오. 어린 시절부터 서로에게 강한 경쟁의식을 가진 두 청년은 각각 조선과 일본을 대표하는 세기의 라이벌로 성장한다. 그러던 어느 날, 준식은 예기치 못한 사건에 휘말려 일본군에 강제 징집되고 그로부터 1년 후, 일본군 대위가 된 타츠오와 운명적인 재회를 하게 된다. 2차 세계대전의 거대한 소용돌이에 던져진 두 청년은 중국과 소련, 독일을 거쳐 노르망디에 이르는 12,000Km의 끝나지 않는 전쟁을 겪으며 점차 서로의 희망이 되어가는데… 적으로 만나 서로의 희망이 된 조선과 일본의 두 청년 국적을 초월한 인간애의 드라마가 시작된다!","[{""id"": 18, ""name"": ""드라마""}, {""id"": 28, ""name"": ""액션""}, {""id"": 36, ""name"": ""역사""}, {""id"": 10752, ""name"": ""전쟁""}]",137,"wavve, Watcha",2011-12-21,https://image.tmdb.org/t/p/w500/iMtEu7346RUV26OMwoqOPHrKERe.jpg,TMDB
282631,명량,MOVIE,"1597년 임진왜란 6년, 오랜 전쟁으로 인해 혼란이 극에 달한 조선. 무서운 속도로 한양으로 북상하는 왜군에 의해 국가존망의 위기에 처하자 누명을 쓰고 파면당했던 이순신 장군이 삼도수군통제사로 재임명된다. 하지만 그에게 남은 건 전의를 상실한 병사와 두려움에 가득 찬 백성, 그리고 12척의 배 뿐. 마지막 희망이었던 거북선마저 불타고 잔혹한 성격과 뛰어난 지략을 지닌 용병 구루지마가 왜군 수장으로 나서자 조선은 더욱 술렁인다. 330척에 달하는 왜군의 배가 속속 집결하고 모두가 패배를 직감하는 순간, 이순신 장군은 단 12척의 배를 이끌고 바다를 향해 나서는데...","[{""id"": 10752, ""name"": ""전쟁""}, {""id"": 28, ""name"": ""액션""}, {""id"": 18, ""name"": ""드라마""}, {""id"": 36, ""name"": ""역사""}]",128,"Netflix, Watcha, Netflix Standard with Ads, TVING, wavve",2014-07-30,https://image.tmdb.org/t/p/w500/fl3G8TprVzt4icbYyQKqdPmUfIO.jpg,TMDB
607844,모가디슈,MOVIE,"유엔 가입을 위해 다수의 투표권을 지닌 아프리카 대륙에서 열심히 외교 활동을 벌이던 1990년. 소말리아의 수도 모가디슈에서도 남북의 외교전은 불이 붙는다. 한신성 주소말리아 한국 대사와 안기부 출신의 강대진 참사관, 북한의 림용수 대사와 태준기 참사관은 함정을 파거나 거짓 정보를 흘려가며 서로를 견제한다. 한편 소말리아의 상황은 불안하기 그지없다. 부패한 독재정권을 몰아내려는 반군과 정부군의 대치는 1990년 12월 30일 반군이 수도 모가디슈에 입성하면서 내전으로 번진다. 통신은 물론 항공편마저 끊겨 아수라장이 된 모가디슈. 북한 대사관 사람들은 반군의 공격으로 갈 곳을 잃고, 한신성 대사는 도움을 요청한 북한 사람들을 관저로 들이는데...","[{""id"": 10752, ""name"": ""전쟁""}, {""id"": 28, ""name"": ""액션""}, {""id"": 53, ""name"": ""스릴러""}, {""id"": 18, ""name"": ""드라마""}, {""id"": 36, ""name"": ""역사""}]",121,"Netflix, wavve, Watcha, Netflix Standard with Ads, TVING, Google Play Movies",2021-07-28,https://image.tmdb.org/t/p/w500/oeu5TgAd0MrHplBIvCFpt9AIEBm.jpg,TMDB
363579,밀정,MOVIE,"1920년대 일제강점기. 조선인 출신 일본경찰 이정출은 무장독립운동단체 의열단의 뒤를 캐라는 특명으로 의열단의 리더 김우진에게 접근하고, 두 사람은 서로의 정체와 의도를 알면서도 속내를 감춘 채 가까워진다. 출처를 알 수 없는 정보가 쌍방간에 새어나가고 누가 밀정인지 알 수 없는 가운데, 의열단은 일제의 주요 시설을 파괴할 폭탄을 경성으로 들여오기 위해, 그리고 일본 경찰은 그들을 쫓아 상해에 모인다. 서로를 이용하려는 암투와 회유, 교란 작전이 숨가쁘게 펼쳐지는 긴장감 속에서 폭탄을 실은 열차는 국경을 넘어 경성으로 향하는데...","[{""id"": 28, ""name"": ""액션""}, {""id"": 53, ""name"": ""스릴러""}, {""id"": 36, ""name"": ""역사""}]",140,"Watcha, wavve, Google Play Movies",2016-09-07,https://image.tmdb.org/t/p/w500/3OqkOFlXENLeIMLVBclGejpsaWd.jpg,TMDB
79224,최종병기 활,MOVIE,"50만 포로가 끌려간 병자호란, 치열했던 전쟁의 한 복판에 역사가 기록하지 못한 위대한 신궁이 있었다.  역적의 자손이자 조선 최고의 신궁 남이. 유일한 피붙이인 누이 자인의 행복만을 바라며 살아간다.어렵사리 맞이한 자인의 혼인날, 가장 행복한 순간에 청나라 정예부대(니루)의 습격으로 자인과 신랑 서군이 포로로 잡혀가고 만다. 남이는 아버지가 남겨준 활에 의지해 청군의 심장부로 거침없이 전진한다.귀신과도 같은 솜씨로 청나라 정예부대(니루)를 하나 둘씩 처치하는 남이, 한 발 한 발 청군의 본거지로 접근해간다. 남이의 신묘한 활솜씨를 알아챈 청의 명장 쥬신타는 왕자 도르곤과 부하들을 지키기 위해 남이를 추격하기 시작한다. 날아오는 방향을 예측할 수 없는 곡사를 사용하는 남이와 무시무시한 파괴력을 가진 육량시를 사용하는 쥬신타, 가장 소중한 것을 지키기 위한 사상 최대 활의 전쟁을 시작한다.","[{""id"": 18, ""name"": ""드라마""}, {""id"": 28, ""name"": ""액션""}, {""id"": 36, ""name"": ""역사""}]",122,"Netflix, Disney Plus, wavve, Watcha, Netflix Standard with Ads, TVING, Google Play Movies",2011-08-10,https://image.tmdb.org/t/p/w500/gaXSEQ2XzkFnKxYIvkqj4Tidltk.jpg,TMDB
397567,신과함께-죄와 벌,MOVIE,"살인, 나태, 거짓, 불의, 배신, 폭력, 천륜 7개의 지옥에서 7번의 재판을 무사히 통과한 망자만이 환생하여 새로운 삶을 시작할 수 있다. 화재 사고 현장에서 여자아이를 구하고 죽음을 맞이한 소방관 자홍, 그의 앞에 저승차사 해원맥과 덕춘이 나타난다. 자신의 죽음이 아직 믿기지도 않는데 덕춘은 정의로운 망자이자 귀인이라며 그를 치켜세운다. 저승으로 가는 입구, 초군문에서 그를 기다리는 또 한 명의 차사 강림, 그는 차사들의 리더이자 앞으로 자홍이 겪어야 할 7개의 재판에서 변호를 맡아줄 변호사이기도 하다. 염라대왕에게 천년 동안 49명의 망자를 환생시키면 자신들 역시 인간으로 환생시켜 주겠다는 약속을 받은 삼차사들, 그들은 자신들이 변호하고 호위해야 하는 48번째 망자이자 19년 만에 나타난 의로운 귀인 자홍의 환생을 확신하지만, 각 지옥에서 자홍의 과거가 하나 둘씩 드러나면서 예상치 못한 고난과 맞닥뜨리는데…","[{""id"": 28, ""name"": ""액션""}, {""id"": 12, ""name"": ""모험""}, {""id"": 18, ""name"": ""드라마""}, {""id"": 14, ""name"": ""판타지""}, {""id"": 53, ""name"": ""스릴러""}]",139,"Netflix, wavve, Watcha, Netflix Standard with Ads, TVING, Google Play Movies",2017-12-20,https://image.tmdb.org/t/p/w500/z54zrEXAKd5u1SCPNOIAKgvGXte.jpg,TMDB
518068,신과함께-인과 연,MOVIE,"천 년 동안 48명의 망자를 환생시킨 저승 삼차사, 한 명만 더 환생시키면 그들도 새로운 삶을 얻을 수 있다. 하지만 강림은 원귀였던 수홍을 자신들의 마지막 귀인으로 정한다. 저승법 상 원귀는 소멸되어야하나 염라대왕은 새로운 조건을 내걸며 강림의 제안을 수락한다. 염라의 조건은 성주신이 버티고 있어 저승 차사들이 가는 족족 실패하는 허춘삼 노인을 수홍의 재판이 끝나기 전까지 저승으로 데려오는 것. 허춘삼을 데리러 이승으로 내려간 해원맥과 덕춘, 하지만 성주신의 막강한 힘 앞에 속수무책으로 당하기만 하는데...","[{""id"": 28, ""name"": ""액션""}, {""id"": 12, ""name"": ""모험""}, {""id"": 14, ""name"": ""판타지""}, {""id"": 53, ""name"": ""스릴러""}]",141,"Netflix, wavve, Netflix Standard with Ads, TVING, Google Play Movies",2018-08-01,https://image.tmdb.org/t/p/w500/2ETx0U2Q5gUHtPJZiQ3hakTqyaR.jpg,TMDB
793387,거룩한 밤: 데몬 헌터스,MOVIE,"악마와 그를 쫓는 어둠의 숭배자들로 인해 혼란에 빠지게 된 도시. 공권력조차 이들 앞에서 무력해지자 특별한 능력을 가진 어둠의 해결사 거룩한 밤 팀 바우, 샤론, 김군이 직접 악의 무리를 처단하고자 한다. 그러던 중 갑자기 동생 은서가 이상증세를 보인다는 의뢰인 정원이 찾아오고 그 안에서 지금껏 본 적 없던 강력한 존재의 기운을 느끼는데… 과연 거룩한 밤 팀은 악의 무리에 맞서 세상을 구원해 낼 수 있을까?","[{""id"": 28, ""name"": ""액션""}, {""id"": 14, ""name"": ""판타지""}, {""id"": 27, ""name"": ""공포""}, {""id"": 53, ""name"": ""스릴러""}]",92,"Netflix, Netflix Standard with Ads, TVING",2025-04-30,https://image.tmdb.org/t/p/w500/7MGnHpfhF8savUsrUJoI8Q7dTk9.jpg,TMDB
1131759,전지적 독자 시점,MOVIE,"10년 이상 연재된 소설이 완결된 날 소설 속 세계가 현실이 되어 버리고, 유일한 독자였던 ‘김독자’가 소설의 주인공 ‘유중혁’ 그리고 동료들과 함께 멸망한 세계에서 살아남기 위한 이야기.","[{""id"": 28, ""name"": ""액션""}, {""id"": 12, ""name"": ""모험""}, {""id"": 14, ""name"": ""판타지""}]",117,"Netflix, Netflix Standard with Ads",2025-07-23,https://image.tmdb.org/t/p/w500/lWQRM7IOCyJT9E5kOnoUvZNELHQ.jpg,TMDB
601796,외계+인 1부,MOVIE,"2022년 현재, 가드와 썬더는 인간의 몸에 가두어진 외계인 죄수를 관리하며 지구에 살고 있다. 어느 날, 서울 상공에 우주선이 나타나고 형사 문도석은 기이한 광경을 목격하게 되는데.. 한편, 630년 전 고려시대 얼치기 도사 무륵과 천둥 쏘는 처자 이안이 엄청난 현상금이 걸린 신검을 차지하기 위해 서로를 속고 속이는 가운데 신검의 비밀을 찾는 두 신선 흑설과 청운, 가면 속의 자장도 신검 쟁탈전에 나선다. 그리고 우주선이 깊은 계곡에서 빛을 내며 떠오르는데…","[{""id"": 878, ""name"": ""SF""}, {""id"": 28, ""name"": ""액션""}, {""id"": 14, ""name"": ""판타지""}, {""id"": 12, ""name"": ""모험""}]",142,"Netflix, Watcha, Netflix Standard with Ads, TVING, wavve, Google Play Movies",2022-07-20,https://image.tmdb.org/t/p/w500/ynyN9hdxL5vq7GnSX8Fdz3TfoTE.jpg,TMDB
845222,킹덤: 아신전,MOVIE,비극과 배신이 삶을 덮친다. 기이하고 불길한 뭔가를 발견한다. 한순간에 가족과 동족을 잃은 여인. 오직 복수를 꿈꾸며 살아온 그녀가 짙은 어둠을 마주한다.,"[{""id"": 18, ""name"": ""드라마""}, {""id"": 14, ""name"": ""판타지""}, {""id"": 53, ""name"": ""스릴러""}]",93,"Netflix, Netflix Standard with Ads",2021-07-23,https://image.tmdb.org/t/p/w500/dBz61uAt6xjJt4yqhiZXQt0a1bB.jpg,TMDB
1375646,군체,MOVIE,"서울 도심의 초고층 빌딩에서 정체불명의 집단 감염사태가 발생한다. 건물은 순식간에 봉쇄되고, 그 안에 있던 사람들은 그대로 고립된다. 처음에는 짐승처럼 기어다니던 감염자들은 점점 진화하며 두 발로 걷기 시작하고, 사람을 식별하며 무리를 지어 생존자들을 공격한다. 생명공학자 권세정과 생존자들은 자신의 몸에 백신을 주입했다고 신고한 서영철을 찾아 구조대가 기다리는 옥상으로 향한다. 하지만 올라갈수록 상황은 점점 더 예측할 수 없게 변해가고, 서영철은 감염자들을 앞세워 생존자들 앞을 막아서는데...","[{""id"": 28, ""name"": ""액션""}, {""id"": 27, ""name"": ""공포""}, {""id"": 878, ""name"": ""SF""}]",123,,2026-05-21,https://image.tmdb.org/t/p/w500/thK6glS5pklrlijsgSN6Hw9GLQK.jpg,TMDB
615173,마녀 2,MOVIE,"자윤이 사라진 뒤, 정체불명의 집단의 무차별 습격으로 마녀 프로젝트가 진행되고 있는 아크가 초토화된다. 그곳에서 홀로 살아남은 소녀는 생애 처음 세상 밖으로 발을 내딛고 우연히 만난 경희의 도움으로 농장에서 지내며 따뜻한 일상에 적응해간다. 한편, 소녀가 망실되자 행방을 쫓는 책임자 장과 마녀 프로젝트의 창시자 백총괄의 지령을 받고 제거에 나선 본사 요원 조현, 경희의 농장 소유권을 노리는 조직의 보스 용두와 상해에서 온 의문의 4인방까지 각기 다른 목적을 지닌 세력이 하나 둘 모여들기 시작하면서 소녀 안에 숨겨진 본성이 깨어나는데…","[{""id"": 28, ""name"": ""액션""}, {""id"": 9648, ""name"": ""미스터리""}, {""id"": 53, ""name"": ""스릴러""}, {""id"": 878, ""name"": ""SF""}]",137,"Netflix, Disney Plus, Netflix Standard with Ads",2022-06-15,https://image.tmdb.org/t/p/w500/cah6iIYQBctvCmBjsKGb1NCiygr.jpg,TMDB
530254,마녀,MOVIE,"10년 전 의문의 사고가 일어난 시설에서 홀로 탈출한 후 모든 기억을 잃은 자윤. 나이도, 이름도 모르는 자신을 거두고 키워준 노부부의 보살핌으로  씩씩하고 밝은 여고생으로 자라났다. 어려운 집안사정을 돕기 위해 상금이 걸린 오디션 프로그램에 출연한 자윤, 방송이 나간 직후부터 의문의 인물들이 그녀 앞에 나타난다. 자윤의 주변을 맴돌며 날카롭게 지켜보는 남자 귀공자, 그리고 과거 사고가 일어난 시점부터 사라진 아이를 찾던 닥터 백과 미스터 최까지 자신은 전혀 기억하지 못하는 그들의 등장으로, 자윤은 혼란에 휩싸이게 되는데...","[{""id"": 28, ""name"": ""액션""}, {""id"": 878, ""name"": ""SF""}]",125,wavve,2018-06-27,https://image.tmdb.org/t/p/w500/abWjmAyjSWqNo6C5ty3UZTZIYDz.jpg,TMDB
614696,#살아있다,MOVIE,"원인불명 증세의 사람들의 공격에 통제불능에 빠진 도시. 영문도 모른 채 잠에서 깬 준우는 아무도 없는 집에 혼자 고립된 것을 알게 된다. 데이터, 와이파이, 문자, 전화 모든 것이 끊긴 채 고립된 상황. 연락이 두절된 가족에 이어 최소한의 식량마저 바닥이 나자 더 이상 버티기 힘들어진 준우. 하지만 그 순간 건너편 아파트에서 누군가 시그널을 보내온다. 또 다른 생존자 유빈이 아직 살아있음을 알게 된 준우는 함께 살아남기 위한 방법을 찾아 나서는데...","[{""id"": 28, ""name"": ""액션""}, {""id"": 27, ""name"": ""공포""}, {""id"": 878, ""name"": ""SF""}]",98,"Netflix, wavve, Netflix Standard with Ads, TVING, Google Play Movies",2020-06-24,https://image.tmdb.org/t/p/w500/zb06eXz3Pg5JzytPnMFb3cIDV7B.jpg,TMDB
396535,부산행,MOVIE,"별거 중인 펀드 매니저 석우는 소원해진 딸 수안의 생일 소원을 들어주기 위해 아내가 있는 부산행 KTX에 오른다. 이내 열차는 좀비의 침투와 감염으로 아수라장으로 변하고, 전국적 재난 뉴스를 차내에서 접한 승객들의 생존가능성은 유일하게 초기 대응에 성공한 도시 부산까지 살아남은 채 도착할 수 있느냐에 달리게 된다. 열차에 몸을 실은 석우와 딸 수안, 상화와 성경 커플, 고등학생 영국, 진희, 그리고 노숙자와 중년의 비즈니스맨 용석은 감염된 사람들의 공격을 피해 열차 안에서 사투를 벌인다.","[{""id"": 28, ""name"": ""액션""}, {""id"": 27, ""name"": ""공포""}, {""id"": 53, ""name"": ""스릴러""}]",118,"Disney Plus, Google Play Movies",2016-07-20,https://image.tmdb.org/t/p/w500/6XvEZVBFFjybvb1yQd1qfOC6F2S.jpg,TMDB
508642,곤지암,MOVIE,"1979년 환자 42명의 집단 자살과 병원장의 실종 이후, 섬뜩한 괴담으로 둘러싸인 곤지암 정신병원으로 공포체험을 떠난 7명의 멤버들. 원장실, 집단 치료실, 실험실, 열리지 않는 402호. 괴담의 실체를 담아내기 위해 병원 내부를 촬영하기 시작하던 멤버들에게 상상도 못한 기이하고 공포스러운 일들이 실제로 벌어지기 시작 하는데…","[{""id"": 27, ""name"": ""공포""}, {""id"": 9648, ""name"": ""미스터리""}]",94,"Netflix, Disney Plus, wavve, Watcha, Netflix Standard with Ads, TVING, Google Play Movies, FOUND TV",2018-03-28,https://image.tmdb.org/t/p/w500/llj8dIkLSHOG1X7aFXims2IaCU5.jpg,TMDB
581392,반도,MOVIE,전대미문의 재난 이후 4년이 흐른 대한민국은 버려진 땅이 되어버렸다. 사람들은 고립된 섬이 된 반도에 갇혔고 누구의 생사도 확인할 수 없는 상황에서 정석은 피할 수 없는 미션을 받고 한국 땅에 다시 발을 들인다. 정석은 미지의 세계인 그곳에서 예상치 못한 습격을 받고 일촉즉발의 순간 ‘반도’의 생존자들을 만나게 된다.,"[{""id"": 27, ""name"": ""공포""}, {""id"": 28, ""name"": ""액션""}, {""id"": 53, ""name"": ""스릴러""}, {""id"": 12, ""name"": ""모험""}]",115,"Netflix, Disney Plus, Netflix Standard with Ads, Google Play Movies",2020-07-15,https://image.tmdb.org/t/p/w500/ew1lAU8yV66JbivBU1Zh4Wj4pOB.jpg,TMDB
293670,곡성,MOVIE,"낯선 외지인이 나타난 후 벌어지는 의문의 연쇄 사건들로 마을이 발칵 뒤집힌다. 경찰은 집단 야생 버섯 중독으로 잠정적 결론을 내리지만  모든 사건의 원인이 그 외지인 때문이라는 소문과 의심이 걷잡을 수 없이 퍼져 나간다. 경찰 종구는 현장을 목격했다는 여인 무명을 만나면서  외지인에 대한 소문을 확신하기 시작한다. 딸 효진이 피해자들과 비슷한 증상으로 아파오기 시작하자 다급해진 종구. 외지인을 찾아 난동을 부리고, 무속인 일광을 불러들이는데...","[{""id"": 27, ""name"": ""공포""}, {""id"": 9648, ""name"": ""미스터리""}]",156,Disney Plus,2016-05-12,https://image.tmdb.org/t/p/w500/k9AKtgRErXjz14lFHL2IJVCgwOT.jpg,TMDB
799379,늑대사냥,MOVIE,"동남아시아로 도피한 인터폴 수배자들을 이송할 움직이는 교도소 프론티어 타이탄. 극악무도한 이들과 베테랑 형사들이 필리핀 마닐라 항구에 모이고 탈출을 꿈꾸는 종두, 한국으로 돌아가야만 하는 도일을 비롯해 이들은 각자의 목적과 경계심을 품고 탑승한다. 한국으로 향하던 중, 태평양 한 가운데에서 이들에게는 지금까지 보지 못한 극한의 상황과 마주하게 되는데…","[{""id"": 28, ""name"": ""액션""}, {""id"": 53, ""name"": ""스릴러""}, {""id"": 27, ""name"": ""공포""}, {""id"": 80, ""name"": ""범죄""}]",122,"Netflix, Netflix Standard with Ads, TVING, wavve, Google Play Movies",2022-09-21,https://image.tmdb.org/t/p/w500/op2y1gvqKhAh4yAPLwc4PlX3XRv.jpg,TMDB
49797,악마를 보았다,MOVIE,"국정원 경호요원 수현은 약혼녀 주연이 잔인하게 살해당하자 자신에게 가장 소중한 사람을 지켜내지 못했다는 자괴감과 분노로 가장 고통스러운 복수를 다짐한다. 수현은 연쇄살인마 장경철이 범인임을 알아내고 죽을 만큼의 고통만 가하고 놓아주기를 반복하며 처절한 응징을 시작한다. 그러나, 악마보다 더 악랄한 살인마 장경철은 난생 처음 만난 대등한 적수의 출현을 즐기며 반격에 나서기 시작하는데…","[{""id"": 53, ""name"": ""스릴러""}, {""id"": 27, ""name"": ""공포""}]",144,"Netflix, Disney Plus, wavve, Watcha, Netflix Standard with Ads, TVING, Google Play Movies",2010-08-12,https://image.tmdb.org/t/p/w500/dFGrIdZGJtxm1GG4X1liYbxyjgd.jpg,TMDB
838209,파묘,MOVIE,"미국 LA, 거액의 의뢰를 받은 무당 화림과 봉길은 기이한 병이 대물림되는 집안의 장손을 만난다. 조상의 묫자리가 화근임을 알아챈 화림은 이장을 권하고, 돈 냄새를 맡은 최고의 풍수사 상덕과 장의사 영근이 합류한다. 절대 사람이 묻힐 수 없는 악지에 자리한 기이한 묘. 상덕은 불길한 기운을 느끼고 제안을 거절하지만, 화림의 설득으로 결국 파묘가 시작되고… 나와서는 안될 것이 나왔다.","[{""id"": 9648, ""name"": ""미스터리""}, {""id"": 27, ""name"": ""공포""}, {""id"": 53, ""name"": ""스릴러""}]",133,"Netflix, Netflix Standard with Ads, TVING, wavve, Google Play Movies",2024-02-22,https://image.tmdb.org/t/p/w500/tw0i3kkmOTjDjGFZTLHKhoeXVvA.jpg,TMDB
488623,기억의 밤,MOVIE,"새 집으로 이사 온 날 밤, 정체불명의 괴한들에게 납치된 형 유석. 동생 진석은 형이 납치된 후 매일 밤 환청과 환각에 시달리며 불안해한다. 납치된지 19일째 되는 날 돌아온 유석은 그동안의 모든 기억을 잃었다고 말한다. 하지만 돌아온 뒤로 어딘가 변해버린 유석을 의심하던 진석은 매일 밤 사라지는 형을 쫓던 중 충격적인 사실과 마주하게 되는데...","[{""id"": 53, ""name"": ""스릴러""}, {""id"": 9648, ""name"": ""미스터리""}, {""id"": 80, ""name"": ""범죄""}]",109,"Netflix, Netflix Standard with Ads, wavve",2017-11-29,https://image.tmdb.org/t/p/w500/pXHLaA2dvIfJ3NbslufKqvS48dt.jpg,TMDB
491584,버닝,MOVIE,유통회사 알바생 종수는 배달을 갔다가 어릴 적 같은 동네에서 살았던 친구 해미를 만난다. 종수는 해미에게서 아프리카 여행을 간 동안 자기가 키우는 고양이를 돌봐 달라는 부탁을 받는다. 여행에서 돌아온 해미는 아프리카에서 만난 벤이라는 정체불명의 남자를 종수에게 소개한다. 어느 날 벤은 해미와 함께 종수의 집으로 찾아와 자신의 비밀스러운 취미에 대해 고백한다. 그때부터 종수는 무서운 예감에 사로잡히게 되는데...,"[{""id"": 9648, ""name"": ""미스터리""}, {""id"": 18, ""name"": ""드라마""}, {""id"": 53, ""name"": ""스릴러""}]",148,"Netflix, wavve, Netflix Standard with Ads, TVING, Google Play Movies",2018-05-17,https://image.tmdb.org/t/p/w500/AlKlezuaJkP2lDEWbJxYv47GeDf.jpg,TMDB
11423,살인의 추억,MOVIE,"1986년 경기도. 젊은 여인이 무참히 강간, 살해당한 시체로 발견된다. 2개월 후 비슷한 수법의 강간살인사건이 연이어 발생하면서 사건은 세간의 주목을 받기 시작하고, 일대는 연쇄살인이라는 생소한 범죄의 공포에 휩싸인다. 사건 발생 지역에 특별수사본부가 설치되고, 수사본부는 구희봉 반장을 필두로 지역토박이 형사 박두만과 조용구, 그리고 서울 시경에서 자원해 온 서태윤이 배치된다. 육감과 폭력으로 수사를 진행하는 박형사와 증거와 과학수사를 추구하는 서형사는 수사 내내 마찰을 일으키는데...","[{""id"": 80, ""name"": ""범죄""}, {""id"": 18, ""name"": ""드라마""}, {""id"": 53, ""name"": ""스릴러""}]",127,"Netflix, Watcha, Netflix Standard with Ads, TVING, wavve",2003-04-25,https://image.tmdb.org/t/p/w500/3I1Ng4sxDUyPOdVu3lQ20N14PGE.jpg,TMDB
1255,괴물,MOVIE,"아버지가 운영하는 한강매점, 늘어지게 낮잠 자던 강두는 우연히 특이한 광경을 목격하게 된다. 생전 보도 못한 무언가가 한강다리에 매달려 움직이는 것이다. 정체를 알 수 없는 괴물은 둔치 위로 올라와 사람들을 거침없이 깔아뭉개고, 무차별로 물어뜯기 시작한다. 순식간에 아수라장으로 돌변하는 한강변. 강두도 뒤늦게 딸 현서를 데리고 정신없이 도망가지만, 꼭 잡았던 현서의 손을 놓치고 만다. 하루아침에 집과 생계, 그리고 현서까지 모든 것을 잃게 된 강두 가족. 돈도 없고 빽도 없는 그들은 위험구역으로 선포된 한강 어딘가에 있을 현서를 찾아 나선다.","[{""id"": 27, ""name"": ""공포""}, {""id"": 18, ""name"": ""드라마""}, {""id"": 878, ""name"": ""SF""}]",119,"Netflix, Disney Plus, wavve, Watcha, Netflix Standard with Ads, TVING, Google Play Movies",2006-07-27,https://image.tmdb.org/t/p/w500/tqDQzYGi1EWHgUZY91YRSJLDJVf.jpg,TMDB
567646,극한직업,MOVIE,"불철주야 달리고 구르지만 실적은 바닥, 급기야 해체 위기를 맞는 마약반!  더 이상 물러설 곳이 없는 팀의 맏형 고반장은 국제 범죄조직의 국내 마약 밀반입 정황을 포착하고 장형사, 마형사, 영호, 재훈까지 4명의 팀원들과 함께 잠복 수사에 나선다.  마약반은 24시간 감시를 위해 범죄조직의 아지트 앞 치킨집을 인수해 위장 창업을 하게 되고, 뜻밖의 절대미각을 지닌 마형사의 숨은 재능으로 치킨집은 일약 맛집으로 입소문이 나기 시작한다.  수사는 뒷전, 치킨장사로 눈코 뜰 새 없이 바빠진 마약반에게 어느 날 절호의 기회가 찾아오는데…","[{""id"": 28, ""name"": ""액션""}, {""id"": 35, ""name"": ""코미디""}, {""id"": 80, ""name"": ""범죄""}]",111,"Netflix, Watcha, Netflix Standard with Ads, TVING, wavve",2019-01-23,https://image.tmdb.org/t/p/w500/lzzb384pgYyr0GQvu3K2ZW62CEE.jpg,TMDB
437103,1987,MOVIE,"1987년 1월, 경찰 조사를 받던 스물두 살 대학생이 사망한다. 박처장의 주도 하에 경찰은 시신 화장을 요청하지만, 사망 당일 당직이었던 최검사는 이를 거부하고 부검을 밀어붙인다. 단순 쇼크사인 것처럼 거짓 발표를 이어가는 경찰. 그러나 현장에 남은 흔적들과 부검 소견은 고문에 의한 사망을 가리키고, 사건을 취재하던 윤기자는 물고문 도중 질식사를 보도한다. 한편, 교도소에 수감된 조반장을 통해 사건의 진상을 알게 된 교도관 한병용은 이 사실을 수배 중인 재야인사에게 전달하기 위해 조카인 연희에게 위험한 부탁을 하게 되는데...","[{""id"": 18, ""name"": ""드라마""}, {""id"": 36, ""name"": ""역사""}, {""id"": 53, ""name"": ""스릴러""}]",129,"Netflix, Watcha, Netflix Standard with Ads, TVING, wavve",2017-12-27,https://image.tmdb.org/t/p/w500/mO55nkEFrI2EVdjxx0asaOGtHfa.jpg,TMDB
448491,리틀 포레스트,MOVIE,"서울에서 임용고시를 준비하던 혜원은 어느 겨울, 문득 짐을 챙겨 고향 미성리로 향한다. 집에 도착한 그녀가 가장 먼저 한 일은 꽝꽝 언 땅에 묻힌 배추를 꺼내 얼큰한 배춧국을 끓여먹는 것. 그날부터 혜원의 자급자족 농촌 라이프가 시작된다. 잠깐 쉬다가 금방 올라갈 거라고 믿었지만, 계절은 겨울로 시작해 봄, 여름, 가을을 거쳐 다시 겨울로 순환한다. 평생 마을을 떠나본 적 없는 그녀의 친구 은숙, 대기업에 다니다 귀촌해 농사꾼이 된 또 다른 친구 재하가 혜원과 함께다. 혜원은 친구들과 시간을 보내거나 직접 가꾼 작물로 요리를 해먹으며 지친 몸과 마음을 치유한다.","[{""id"": 18, ""name"": ""드라마""}]",103,"Netflix, Netflix Standard with Ads, wavve",2018-02-28,https://image.tmdb.org/t/p/w500/adoiOpcuBUKeEqfzLqY47VBZN86.jpg,TMDB
470524,아이 캔 스피크,MOVIE,"온 동네를 휘저으며 무려 8천 건에 달하는 민원을 넣어 도깨비 할매라고 불리는 옥분. 20여 년간 누구도 막을 수 없었던 그녀 앞에 원칙주의 9급 공무원 민재가 나타나면서 팽팽한 긴장감이 흐른다. 민원 접수만큼이나 열심히 공부하던 영어가 좀처럼 늘지 않아 의기소침한 옥분은 원어민 수준의 영어를 구사하는 민재를 본 후 선생님이 되어 달라며 시간과 장소를 불문하고 부탁하기에 이른다. 둘만의 특별한 거래를 통해 결코 어울리지 않을 것 같았던 두 사람의 영어 수업이 시작되고, 함께하는 시간이 계속 될수록 서로를 이해하고 소통하게 되면서 친구이자 가족이 되어 간다. 옥분이 영어 공부에 매달리는 이유가 내내 궁금하던 민재는 어느 날, 그녀가 영어로 꼭 하고 싶은 말이 있다는 것을 알게 되는데…","[{""id"": 18, ""name"": ""드라마""}, {""id"": 35, ""name"": ""코미디""}]",119,"Netflix, wavve, Watcha, Netflix Standard with Ads, TVING",2017-09-21,https://image.tmdb.org/t/p/w500/mGrQx2zffkconsCrxeZ1sHkCBjb.jpg,TMDB
242452,변호인,MOVIE,1980년대 초 부산. 빽도 돈도 없고 가방끈도 짧은 세무 변호사 송우석. 부동산 등기부터 세금 자문까지 남들이 뭐라든 탁월한 사업수완으로 승승장구하며 부산에서 제일 잘나가고 돈 잘 버는 변호사로 이름을 날린다. 10대 건설 기업의 스카우트 제의까지 받으며 전국구 변호사 데뷔를 코 앞에 둔 송변. 하지만 우연히 7년 전 밥값 신세를 지며 정을 쌓은 국밥집 아들 진우가 뜻하지 않은 사건에 휘말려 재판을 앞두고 있다는 소식을 듣는다. 하지만 그곳에서 마주한 진우의 믿지 못할 모습에 충격을 받은 송변은 모두가 회피하기 바빴던 사건의 변호를 맡기로 결심하는데...,"[{""id"": 36, ""name"": ""역사""}, {""id"": 18, ""name"": ""드라마""}]",127,"Netflix, Netflix Standard with Ads",2013-12-18,https://image.tmdb.org/t/p/w500/5tm4Rv24NYdGpuWzA6aF5h1qm0E.jpg,TMDB
382336,동주,MOVIE,"이름도, 언어도, 꿈도, 모든 것이 허락되지 않았던 일제강점기. 한 집에서 태어나고 자란 동갑내기 사촌지간 동주와 몽규. 시인을 꿈꾸는 청년 동주에게 신념을 위해 거침없이 행동하는 청년 몽규는 가장 가까운 벗이면서도, 넘기 힘든 산처럼 느껴진다. 창씨개명을 강요하는 혼란스러운 나라를 떠나 일본 유학 길에 오른 두 사람. 일본으로 건너간 뒤 몽규는 더욱 독립 운동에 매진하게 되고, 절망적인 순간에도 시를 쓰며 시대의 비극을 아파하던 동주와의 갈등은 점점 깊어진다. 어둠의 시대, 평생을 함께 한 친구이자 영원한 라이벌이었던 윤동주와 송몽규의 끝나지 않은 이야기가 지금 시작된다.","[{""id"": 18, ""name"": ""드라마""}, {""id"": 36, ""name"": ""역사""}]",110,"Netflix, Netflix Standard with Ads, wavve",2016-02-17,https://image.tmdb.org/t/p/w500/9h41fC92LWL3mk80zoHxIjVJL6I.jpg,TMDB
158445,7번방의 선물,MOVIE,최악의 흉악범들이 모인 교도소 7번방에 이상한 놈이 들어왔다! 그는 바로 6살 지능의 딸바보 용구. 평생 죄만 짓고 살아온 7번방 패밀리들에게 떨어진 미션은 바로 용구 딸 예승이를 외부인 절대 출입금지인 교도소에 반.입.하.는.것! 웃음과 감동 가득한 사상초유의 합동작전이 시작된다!,"[{""id"": 18, ""name"": ""드라마""}, {""id"": 35, ""name"": ""코미디""}]",127,"Netflix, Disney Plus, Netflix Standard with Ads",2013-01-23,https://image.tmdb.org/t/p/w500/c9TqJPm4pZCuiEXumTayoNIrBSK.jpg,TMDB
253065,수상한 그녀,MOVIE,"아들 자랑이 유일한 낙인 욕쟁이 칠순 할매 오말순은 어느 날, 가족들이 자신을 요양원으로 독립(?)시키려 한다는 청천벽력 같은 사실을 알게 된다. 뒤숭숭한 마음을 안고 밤길을 방황하던 할매 말순은 오묘한 불빛에 이끌려 ‘청춘 사진관’으로 들어간다. 난생 처음 곱게 꽃단장을 하고 영정사진을 찍고 나오는 길, 그녀는 버스 차창 밖에 비친 자신의 얼굴을 보고 경악을 금치 못한다. 오드리 헵번처럼 뽀얀 피부, 날렵한 몸매... 주름진 할매에서 탱탱한 꽃처녀의 몸으로 돌아간 것! 아무도 알아보지 못하는 자신의 젊은 모습에 그녀는 스무살 ‘오두리’가 되어 빛나는 전성기를 즐겨 보기로 마음 먹는데...","[{""id"": 18, ""name"": ""드라마""}, {""id"": 35, ""name"": ""코미디""}, {""id"": 10402, ""name"": ""음악""}]",124,"Watcha, TVING, wavve",2014-01-22,https://image.tmdb.org/t/p/w500/tmY4b9sO8KDszQCvPKiKYJSNaqe.jpg,TMDB
107235,건축학개론,MOVIE,"생기 넘치지만 숫기 없던 스무 살, 건축학과 승민은 건축학개론 수업에서 처음 만난 음대생 서연에게 반한다. 함께 숙제를 하게 되면서 차츰 마음을 열고 친해지지만, 자신의 마음을 표현하는 데 서툰 순진한 승민은 입 밖에 낼 수 없었던 고백을 마음 속에 품은 채 작은 오해로 인해 서연과 멀어지게 된다. 서른 다섯의 건축가가 된 승민 앞에 15년 만에 불쑥 나타난 서연. 당황스러움을 감추지 못하는 승민에게 서연은 자신을 위한 집을 설계해달라고 한다. 자신의 이름을 건 첫 작품으로 서연의 집을 짓게 된 승민, 함께 집을 완성해 가는 동안 어쩌면 사랑이었을지 모를 그때의 기억이 되살아나 두 사람 사이에 새로운 감정이 쌓이기 시작하는데...","[{""id"": 35, ""name"": ""코미디""}, {""id"": 10749, ""name"": ""로맨스""}]",118,"Netflix, wavve, Watcha, Netflix Standard with Ads, TVING, Google Play Movies",2012-03-22,https://image.tmdb.org/t/p/w500/6ChBkMt5fwYPtKvbtq8irLfuKHc.jpg,TMDB
